2025-06-11 18:49:08.746063	https://www.encodeproject.org/report/?type=Experiment&control_type%21=%2A&status=released&perturbed=false&files.file_type=bed+narrowPeak&biosample_ontology.classification=tissue&assay_title=TF+ChIP-seq&target.label=CTCF&biosample_ontology.term_name=spleen&biosample_ontology.term_name=stomach&biosample_ontology.term_name=liver&biosample_ontology.term_name=lung&biosample_ontology.term_name=testis&biosample_ontology.term_name=heart&biosample_ontology.term_name=kidney&limit=all
ID	Accession	Assay name	Assay title	Biosample classification	Target	Target of assay	Target gene symbol	Biosample summary	Biosample term name	Dbxrefs	Description	Lab	Project	Status	Files	Related series	Biosample accession	Biological replicate	Technical replicate	Linked antibody	Organism	Life stage	Biosample age	Biosample treatment	Biosample treatment ontology ID	Biosample treatment amount	Biosample treatment amount units	Biosample treatment duration	Biosample treatment duration units	Synchronization	Post-synchronization time	Post-synchronization time units	Biosample modification site target organism	Biosample modification site introduced gene organism	Replicates	Mixed biosamples	Cellular component	Library construction platform	Library construction method
/experiments/ENCSR967BSF/	ENCSR967BSF	ChIP-seq	TF ChIP-seq	tissue	/targets/CTCF-human/	CTCF	CTCF	Homo sapiens spleen tissue female adult (41 years)	spleen	GEO:GSE187878	CTCF ChIP-seq on spleen tissue female adult (41 years)	Bradley Bernstein, Broad	ENCODE	released	/files/ENCFF514GOP/,/files/ENCFF696MBJ/,/files/ENCFF420VKZ/,/files/ENCFF512KCI/,/files/ENCFF940BVB/,/files/ENCFF068TWU/,/files/ENCFF497KZB/,/files/ENCFF615COT/,/files/ENCFF705JBL/,/files/ENCFF595MOH/,/files/ENCFF809QZD/,/files/ENCFF520RVL/,/files/ENCFF516DOX/,/files/ENCFF814JZI/,/files/ENCFF357YPL/,/files/ENCFF175VBV/,/files/ENCFF038ATT/,/files/ENCFF215HQE/,/files/ENCFF121QGK/,/files/ENCFF948KDP/,/files/ENCFF905EFM/,/files/ENCFF440ORC/,/files/ENCFF458IFM/		ENCBS248EXJ	1	1,2,3,4	ENCAB719MQZ	Homo sapiens	adult	41 years												/replicates/f3e96522-072b-4891-b511-2506d6d90650/,/replicates/afbbd1ef-00a2-4bfe-9d1a-cd6555b4d144/,/replicates/a3974747-a5bb-40d5-a9e9-8abcd6c303c9/,/replicates/79d7d22d-c477-407e-a1f6-c07f056eb488/				
/experiments/ENCSR961SKY/	ENCSR961SKY	ChIP-seq	TF ChIP-seq	tissue	/targets/CTCF-human/	CTCF	CTCF	Homo sapiens spleen tissue male adult (26 years)	spleen	GEO:GSE187765	CTCF ChIP-seq on spleen tissue male adult (26 years)	Bradley Bernstein, Broad	ENCODE	released	/files/ENCFF915AIE/,/files/ENCFF044UYK/,/files/ENCFF551WGT/,/files/ENCFF057QIL/,/files/ENCFF345LVW/,/files/ENCFF895YNG/,/files/ENCFF377EQN/,/files/ENCFF640MTY/,/files/ENCFF053EJS/,/files/ENCFF422NGK/,/files/ENCFF739KQP/,/files/ENCFF923MKJ/,/files/ENCFF646OTN/,/files/ENCFF570UTK/,/files/ENCFF006SOZ/,/files/ENCFF980HXI/,/files/ENCFF797PLX/,/files/ENCFF065CBS/,/files/ENCFF796HCF/		ENCBS498SQU	1	2,1,3	ENCAB719MQZ	Homo sapiens	adult	26 years												/replicates/8e1a9874-28c6-4247-83fe-8e1b5ff0bdae/,/replicates/bd90b1df-5bb0-4956-b9b5-3a9225a68aea/,/replicates/3a80b1f7-090a-47cb-8833-a6041e3c5c15/				
/experiments/ENCSR000CBU/	ENCSR000CBU	ChIP-seq	TF ChIP-seq	tissue	/targets/CTCF-mouse/	CTCF	Ctcf	Mus musculus strain B6NCrl liver tissue male adult (2 months)	liver	SCREEN-mm10:C57BL/6_liver_male_adult_8_weeks,FactorBook:ENCSR000CBU,GEO:GSM918715,UCSC-ENCODE-mm9:wgEncodeEM001696	CTCF ChIP-seq on 8-week mouse liver	Bing Ren, UCSD	ENCODE	released	/files/ENCFF001LMM/,/files/ENCFF001LMN/,/files/ENCFF001LMO/,/files/ENCFF001LMQ/,/files/ENCFF001LMV/,/files/ENCFF001LMX/,/files/ENCFF001YAM/,/files/ENCFF709TQG/,/files/ENCFF516FZI/,/files/ENCFF769ZWZ/,/files/ENCFF617FBG/,/files/ENCFF785CTW/,/files/ENCFF669KKQ/,/files/ENCFF896JZI/,/files/ENCFF470HAP/,/files/ENCFF601PRD/,/files/ENCFF328SNX/,/files/ENCFF987NOJ/,/files/ENCFF217KIX/,/files/ENCFF712DDL/,/files/ENCFF990MGK/,/files/ENCFF155SPJ/,/files/ENCFF400ZED/,/files/ENCFF703EFD/,/files/ENCFF025FPT/,/files/ENCFF194HVL/,/files/ENCFF977NHT/,/files/ENCFF424RGH/,/files/ENCFF598IJA/,/files/ENCFF076VSZ/,/files/ENCFF791MGM/,/files/ENCFF900JKV/,/files/ENCFF214BQA/,/files/ENCFF919KIP/,/files/ENCFF604HCZ/,/files/ENCFF691VDG/,/files/ENCFF930JOQ/,/files/ENCFF963BTQ/,/files/ENCFF985NMC/,/files/ENCFF586SMQ/,/files/ENCFF439CKG/,/files/ENCFF314XOM/,/files/ENCFF425YHR/,/files/ENCFF389SUI/,/files/ENCFF676VZW/,/files/ENCFF371UBQ/,/files/ENCFF321JGY/,/files/ENCFF651GYW/,/files/ENCFF542WEE/	/reference-epigenomes/ENCSR854HXZ/	ENCBS419QNR,ENCBS337ENC	2,1	1	ENCAB210NHK	Mus musculus	adult	2 months												/replicates/22882eea-a507-477d-9642-e9ff1242995d/,/replicates/38157dbe-5579-4481-85bc-eb42116a9974/				
/experiments/ENCSR225YGX/	ENCSR225YGX	ChIP-seq	TF ChIP-seq	tissue	/targets/CTCF-human/	CTCF	CTCF	Homo sapiens spleen tissue male adult (54 years)	spleen	FactorBook:ENCSR225YGX,GEO:GSE142933		Bradley Bernstein, Broad	ENCODE	released	/files/ENCFF840JNN/,/files/ENCFF473GYA/,/files/ENCFF909IVS/,/files/ENCFF610HUS/,/files/ENCFF627VNR/,/files/ENCFF488BFW/,/files/ENCFF528YZK/,/files/ENCFF299NLG/,/files/ENCFF896AJL/,/files/ENCFF202PXH/,/files/ENCFF258OSZ/,/files/ENCFF942QLQ/,/files/ENCFF318BZB/,/files/ENCFF919IBJ/,/files/ENCFF140OYL/,/files/ENCFF767KMF/,/files/ENCFF681OKA/,/files/ENCFF030YTC/,/files/ENCFF095LEX/,/files/ENCFF384QCE/,/files/ENCFF078BZZ/,/files/ENCFF160UPB/,/files/ENCFF556XPY/,/files/ENCFF166AVE/,/files/ENCFF423DKK/,/files/ENCFF505UAZ/,/files/ENCFF451KSZ/,/files/ENCFF816PZB/,/files/ENCFF465VYN/,/files/ENCFF089KWW/,/files/ENCFF521YGI/,/files/ENCFF577AWJ/,/files/ENCFF420TXE/,/files/ENCFF598PKS/,/files/ENCFF170BJF/,/files/ENCFF917HDP/,/files/ENCFF069TCK/,/files/ENCFF371HGQ/,/files/ENCFF985MMT/,/files/ENCFF382NFZ/,/files/ENCFF382YVQ/,/files/ENCFF007PZV/,/files/ENCFF526BHR/,/files/ENCFF262NWV/,/files/ENCFF421CJV/,/files/ENCFF697LTY/,/files/ENCFF830CFQ/,/files/ENCFF439PBW/,/files/ENCFF082ZSS/,/files/ENCFF358WNW/,/files/ENCFF178GEC/,/files/ENCFF867AVL/,/files/ENCFF614REL/,/files/ENCFF613XDJ/,/files/ENCFF360LYT/,/files/ENCFF241KTE/,/files/ENCFF487BOF/,/files/ENCFF112DKF/,/files/ENCFF037VZM/,/files/ENCFF935VAU/,/files/ENCFF233NPV/,/files/ENCFF318DCC/,/files/ENCFF783LOM/,/files/ENCFF860GHC/,/files/ENCFF428LZN/,/files/ENCFF851LZJ/,/files/ENCFF783JJU/,/files/ENCFF353GMS/,/files/ENCFF671ANL/,/files/ENCFF400WIM/,/files/ENCFF405ZDW/,/files/ENCFF326DUY/	/reference-epigenomes/ENCSR148DCQ/	ENCBS223WIE,ENCBS949QWK	1,2	2,1	ENCAB719MQZ,ENCAB000AXX	Homo sapiens	adult	54 years												/replicates/3c68e767-6188-40d8-80f7-a61af362574f/,/replicates/5e903ae4-36aa-4d19-b12e-5206670f93db/,/replicates/6de3cd75-4dd1-406b-881a-7fc40ea95734/,/replicates/092012d3-9335-4fb9-a691-9c8423dbe6fd/				
/experiments/ENCSR000DNI/	ENCSR000DNI	ChIP-seq	TF ChIP-seq	tissue	/targets/CTCF-human/	CTCF	CTCF	Homo sapiens spleen tissue female adult (20 years) and female adult (30 years)	spleen	FactorBook:ENCSR000DNI,GEO:GSM1006883,SCREEN-GRCh38:spleen_female_adult_20_years_and_female_adult_30_years,UCSC-ENCODE-hg19:wgEncodeEH003464	CTCF ChIP-seq on human spleen	Vishwanath Iyer, UTA	ENCODE	released	/files/ENCFF000SDM/,/files/ENCFF000SDN/,/files/ENCFF000SDO/,/files/ENCFF000SDP/,/files/ENCFF000SDR/,/files/ENCFF000SEB/,/files/ENCFF000SEC/,/files/ENCFF001UUB/,/files/ENCFF433QNI/,/files/ENCFF513CTU/,/files/ENCFF337IBI/,/files/ENCFF429NUZ/,/files/ENCFF061SRP/,/files/ENCFF481VJG/,/files/ENCFF059JNI/,/files/ENCFF211IRJ/,/files/ENCFF647BQW/,/files/ENCFF982WZX/,/files/ENCFF820KEK/,/files/ENCFF116WBA/,/files/ENCFF292KXW/,/files/ENCFF988TSY/,/files/ENCFF404VMK/,/files/ENCFF631DPB/,/files/ENCFF673PVL/,/files/ENCFF335TNG/,/files/ENCFF350MHZ/,/files/ENCFF655NUL/,/files/ENCFF814EXW/,/files/ENCFF720CRM/,/files/ENCFF068YLN/,/files/ENCFF604DQF/,/files/ENCFF302SSB/,/files/ENCFF881NID/,/files/ENCFF958BPH/,/files/ENCFF138CNN/,/files/ENCFF310RCE/,/files/ENCFF307XCC/,/files/ENCFF881YDR/,/files/ENCFF771LBM/,/files/ENCFF550JAQ/,/files/ENCFF326FAJ/,/files/ENCFF678JOS/,/files/ENCFF485QSV/,/files/ENCFF250AFB/,/files/ENCFF912CFN/,/files/ENCFF904TWR/,/files/ENCFF988TUS/,/files/ENCFF148FNQ/,/files/ENCFF265PAZ/,/files/ENCFF165RIV/,/files/ENCFF743PBT/,/files/ENCFF214YST/,/files/ENCFF366VXJ/,/files/ENCFF885ETY/,/files/ENCFF593BQT/,/files/ENCFF659YSR/,/files/ENCFF362ETD/,/files/ENCFF691UTE/,/files/ENCFF504IZD/,/files/ENCFF480JXX/,/files/ENCFF276ZXC/,/files/ENCFF953QDS/,/files/ENCFF901MEH/,/files/ENCFF273TNH/,/files/ENCFF699AYZ/,/files/ENCFF196UEB/,/files/ENCFF352OPT/,/files/ENCFF678RAG/,/files/ENCFF713HRR/		ENCBS149AAA,ENCBS362AAA	1,2	1	ENCAB000AXY	Homo sapiens	adult	30 years,20 years												/replicates/8ee08355-b771-4efa-916c-167d06315ab7/,/replicates/1d94a765-287d-4598-a7cd-78febc3e4235/				
/experiments/ENCSR254YRM/	ENCSR254YRM	ChIP-seq	TF ChIP-seq	tissue	/targets/CTCF-human/	CTCF	CTCF	Homo sapiens liver tissue female child (6 years) and with nonobstructive coronary artery disease; liver tissue male adult (32 years)	liver	FactorBook:ENCSR254YRM,GEO:GSE127549,SCREEN-GRCh38:liver_female_child_6_years_and_male_adult_32_years	CTCF ChIP-seq on human liver	Michael Snyder, Stanford	ENCODE	released	/files/ENCFF002EWZ/,/files/ENCFF002EXB/,/files/ENCFF106CMZ/,/files/ENCFF395CME/,/files/ENCFF883RNJ/,/files/ENCFF179WEZ/,/files/ENCFF425QOU/,/files/ENCFF977MAY/,/files/ENCFF528IMZ/,/files/ENCFF947OYN/,/files/ENCFF306XCP/,/files/ENCFF774SIC/,/files/ENCFF839QKO/,/files/ENCFF420ZVP/,/files/ENCFF626BAY/,/files/ENCFF597EQP/,/files/ENCFF181QAF/,/files/ENCFF799NHD/,/files/ENCFF555SBI/,/files/ENCFF296MNE/,/files/ENCFF690BYG/,/files/ENCFF433DBV/,/files/ENCFF605VJI/,/files/ENCFF638MPU/,/files/ENCFF997EJT/,/files/ENCFF234OFQ/,/files/ENCFF143HEE/,/files/ENCFF322UFN/,/files/ENCFF543EHV/,/files/ENCFF355USP/,/files/ENCFF511PPM/,/files/ENCFF291DFW/,/files/ENCFF403GVA/,/files/ENCFF985LYF/,/files/ENCFF255OTG/,/files/ENCFF393WTJ/,/files/ENCFF722DBY/,/files/ENCFF069HHN/,/files/ENCFF763FJH/,/files/ENCFF123QLO/,/files/ENCFF536RRU/,/files/ENCFF786TPA/,/files/ENCFF503KCU/,/files/ENCFF664UIJ/,/files/ENCFF806EON/,/files/ENCFF185IJN/,/files/ENCFF144JKH/,/files/ENCFF589XMT/,/files/ENCFF408MKE/,/files/ENCFF889OHD/,/files/ENCFF095QMD/,/files/ENCFF173KBE/,/files/ENCFF895ERR/,/files/ENCFF956LJT/,/files/ENCFF289UCG/,/files/ENCFF979ZVC/,/files/ENCFF701XAM/,/files/ENCFF174BND/,/files/ENCFF725LBV/,/files/ENCFF144XRE/,/files/ENCFF386JBY/,/files/ENCFF202ZES/,/files/ENCFF990KPQ/,/files/ENCFF448BBE/		ENCBS045RNA,ENCBS046RNA	1,2	1	ENCAB000AXU	Homo sapiens	child,adult	6 years,32 years												/replicates/4fa8977c-3e52-4193-a48d-476d2eb7daa0/,/replicates/c8ef0b6c-8ea3-4ed7-bcac-754fce8747da/				
/experiments/ENCSR000CEF/	ENCSR000CEF	ChIP-seq	TF ChIP-seq	tissue	/targets/CTCF-mouse/	CTCF	Ctcf	Mus musculus strain B6NCrl testis tissue male adult (2 months)	testis	GEO:GSM918711,FactorBook:ENCSR000CEF,UCSC-ENCODE-mm9:wgEncodeEM002593,SCREEN-mm10:C57BL/6_testis_male_adult_8_weeks	CTCF ChIP-seq on 8-week mouse testis	Bing Ren, UCSD	ENCODE	released	/files/ENCFF001LRM/,/files/ENCFF001LRN/,/files/ENCFF001LRP/,/files/ENCFF001LRQ/,/files/ENCFF001LRW/,/files/ENCFF001LRX/,/files/ENCFF001YBA/,/files/ENCFF016XYS/,/files/ENCFF256SXG/,/files/ENCFF616NLO/,/files/ENCFF752ONZ/,/files/ENCFF558QFH/,/files/ENCFF039TYB/,/files/ENCFF950DDE/,/files/ENCFF946MNK/,/files/ENCFF334UXG/,/files/ENCFF901PPE/,/files/ENCFF373NZZ/,/files/ENCFF368ISS/,/files/ENCFF334ZCC/,/files/ENCFF244AZR/,/files/ENCFF074WOC/,/files/ENCFF764GMG/,/files/ENCFF142CFK/,/files/ENCFF596YYI/,/files/ENCFF502SKJ/,/files/ENCFF862SJD/,/files/ENCFF972QLS/,/files/ENCFF443TPY/,/files/ENCFF316XOB/,/files/ENCFF637AET/,/files/ENCFF338TNB/,/files/ENCFF244FHP/,/files/ENCFF874GUE/,/files/ENCFF830IBT/,/files/ENCFF782OUC/,/files/ENCFF347ODZ/,/files/ENCFF132VJH/,/files/ENCFF467UKD/,/files/ENCFF185RTB/,/files/ENCFF581CWN/,/files/ENCFF563XHO/,/files/ENCFF282BUP/,/files/ENCFF816VSP/,/files/ENCFF033UQX/,/files/ENCFF541OMC/,/files/ENCFF460EMF/,/files/ENCFF248DJD/,/files/ENCFF634YSD/	/reference-epigenomes/ENCSR404KJG/	ENCBS166ENC,ENCBS223DMD	1,2	1	ENCAB210NHK	Mus musculus	adult	2 months												/replicates/83ec0348-d4ef-4c09-bab3-2b8036f64754/,/replicates/f4614f31-843e-4ed9-ae91-aa64804a624d/				
/experiments/ENCSR234HEM/	ENCSR234HEM	ChIP-seq	TF ChIP-seq	tissue	/targets/CTCF-human/	CTCF	CTCF	Homo sapiens spleen tissue male adult (37 years)	spleen	SCREEN-GRCh38:spleen_male_adult_37_years,FactorBook:ENCSR234HEM,GEO:GSE105365	CTCF ChIP-seq on human spleen	Michael Snyder, Stanford	ENCODE	released	/files/ENCFF592GGD/,/files/ENCFF010QKZ/,/files/ENCFF232BIX/,/files/ENCFF224VJS/,/files/ENCFF892VUB/,/files/ENCFF592PPU/,/files/ENCFF393KDI/,/files/ENCFF358WEO/,/files/ENCFF459AHK/,/files/ENCFF575AUA/,/files/ENCFF799CZC/,/files/ENCFF985STH/,/files/ENCFF340BQM/,/files/ENCFF892JKX/,/files/ENCFF596RDA/,/files/ENCFF313XYN/,/files/ENCFF600BSH/,/files/ENCFF597VAN/,/files/ENCFF134JET/,/files/ENCFF579UEN/,/files/ENCFF705PKJ/,/files/ENCFF169HSH/,/files/ENCFF455BVG/,/files/ENCFF282UAO/,/files/ENCFF651UON/		ENCBS780KFJ	1	1	ENCAB830JLB	Homo sapiens	adult	37 years												/replicates/82cf110b-7b15-470d-aec3-3680cd39ca4a/				
/experiments/ENCSR491NUM/	ENCSR491NUM	ChIP-seq	TF ChIP-seq	tissue	/targets/CTCF-mouse/	CTCF	Ctcf	Mus musculus strain B6NCrl heart tissue postnatal (0 days)	heart	FactorBook:ENCSR491NUM,SCREEN-mm10:C57BL/6_heart_postnatal_0_days,GEO:GSE91813	Chip-Seq on CTCF-mouse	Richard Myers, HAIB	ENCODE	released	/files/ENCFF464DYI/,/files/ENCFF310VOQ/,/files/ENCFF231XEH/,/files/ENCFF009SLP/,/files/ENCFF731VUI/,/files/ENCFF534NLM/,/files/ENCFF359SPP/,/files/ENCFF472GQV/,/files/ENCFF263MYM/,/files/ENCFF505SJQ/,/files/ENCFF894HNT/,/files/ENCFF121FBT/,/files/ENCFF223FXW/,/files/ENCFF390ZQV/,/files/ENCFF371TUB/,/files/ENCFF246CLY/,/files/ENCFF004PFD/,/files/ENCFF909WHG/,/files/ENCFF800FPD/,/files/ENCFF688LXO/,/files/ENCFF863XWX/,/files/ENCFF278NWO/,/files/ENCFF139WDG/,/files/ENCFF077HAE/,/files/ENCFF990RYP/,/files/ENCFF107KOO/,/files/ENCFF157SGS/,/files/ENCFF711THP/,/files/ENCFF409RRE/,/files/ENCFF130OOT/,/files/ENCFF568MTS/,/files/ENCFF055IZM/,/files/ENCFF137DLM/,/files/ENCFF697PBN/,/files/ENCFF240PYZ/,/files/ENCFF869XVQ/,/files/ENCFF386ORO/,/files/ENCFF046VEI/,/files/ENCFF355TRZ/,/files/ENCFF786YYD/,/files/ENCFF950KCB/,/files/ENCFF609MDN/,/files/ENCFF857QSP/,/files/ENCFF313GUJ/,/files/ENCFF498FUX/,/files/ENCFF272HBL/	/reference-epigenomes/ENCSR049ZYT/,/organism-development-series/ENCSR499HMI/	ENCBS345FLN	1,2	1	ENCAB247TYO	Mus musculus	postnatal	0 days												/replicates/fd0b8fbb-eac4-433a-a56e-974d4f1f861e/,/replicates/05ae42c2-804f-4a02-bd47-ec6b9bad4e64/				
/experiments/ENCSR000DMH/	ENCSR000DMH	ChIP-seq	TF ChIP-seq	tissue	/targets/CTCF-human/	CTCF	CTCF	Homo sapiens lung tissue male adult (27 years) and male adult (35 years)	lung	UCSC-ENCODE-hg19:wgEncodeEH003462,GEO:GSM1006882,SCREEN-GRCh38:lung_male_adult_27_years_and_male_adult_35_years,FactorBook:ENCSR000DMH	CTCF ChIP-seq on human lung	Vishwanath Iyer, UTA	ENCODE	released	/files/ENCFF000RXY/,/files/ENCFF000RXZ/,/files/ENCFF000RYA/,/files/ENCFF000RYC/,/files/ENCFF000RYD/,/files/ENCFF000RYL/,/files/ENCFF000RYN/,/files/ENCFF001UTJ/,/files/ENCFF669QGZ/,/files/ENCFF896LIL/,/files/ENCFF026BGK/,/files/ENCFF635ZTX/,/files/ENCFF834XJR/,/files/ENCFF266UHU/,/files/ENCFF801HDI/,/files/ENCFF111YZR/,/files/ENCFF612UNT/,/files/ENCFF166TXF/,/files/ENCFF549SMT/,/files/ENCFF022JNP/,/files/ENCFF521AGU/,/files/ENCFF168QKM/,/files/ENCFF366BEJ/,/files/ENCFF694SEF/,/files/ENCFF693XGZ/,/files/ENCFF279QNE/,/files/ENCFF250GDD/,/files/ENCFF553SJU/,/files/ENCFF324CNE/,/files/ENCFF907KJS/,/files/ENCFF590NWD/,/files/ENCFF850RZW/,/files/ENCFF306ACX/,/files/ENCFF936XRK/,/files/ENCFF310DHG/,/files/ENCFF880FIA/,/files/ENCFF639DDP/,/files/ENCFF139RCX/,/files/ENCFF202BTH/,/files/ENCFF502BFF/,/files/ENCFF856ACF/,/files/ENCFF962VDE/,/files/ENCFF285PKZ/,/files/ENCFF281OWZ/,/files/ENCFF625QIN/,/files/ENCFF763NIU/,/files/ENCFF419PER/,/files/ENCFF144JNX/,/files/ENCFF281MAG/,/files/ENCFF882BBW/,/files/ENCFF827WDQ/,/files/ENCFF478QOI/,/files/ENCFF088VJY/,/files/ENCFF088PVN/,/files/ENCFF295RMK/,/files/ENCFF862OUE/,/files/ENCFF303YTO/,/files/ENCFF789HFF/,/files/ENCFF536HND/,/files/ENCFF199FVG/,/files/ENCFF451ANA/,/files/ENCFF474FGO/,/files/ENCFF459ADA/,/files/ENCFF263REK/,/files/ENCFF326KRK/,/files/ENCFF524ASK/,/files/ENCFF237NXK/,/files/ENCFF326NCS/,/files/ENCFF313MDK/,/files/ENCFF782RBX/		ENCBS351AAA,ENCBS139AAA	1,2	1	ENCAB000AXY	Homo sapiens	adult	35 years,27 years												/replicates/087942d1-bd7f-4188-8faf-21462e9d59b4/,/replicates/2d410647-d199-4f0e-950d-8206a0a3269c/				
/experiments/ENCSR981CID/	ENCSR981CID	ChIP-seq	TF ChIP-seq	tissue	/targets/CTCF-human/	CTCF	CTCF	Homo sapiens testis tissue male adult (54 years)	testis	GEO:GSE105986,SCREEN-GRCh38:testis_male_adult_54_years,FactorBook:ENCSR981CID	CTCF ChIP-seq on human testis	Michael Snyder, Stanford	ENCODE	released	/files/ENCFF873BBZ/,/files/ENCFF670ONL/,/files/ENCFF914XOX/,/files/ENCFF642ALB/,/files/ENCFF211MEB/,/files/ENCFF029BUR/,/files/ENCFF985RWY/,/files/ENCFF212PTB/,/files/ENCFF649WCV/,/files/ENCFF885KKQ/,/files/ENCFF955AIM/,/files/ENCFF183RHL/,/files/ENCFF510ZNT/,/files/ENCFF559LDF/,/files/ENCFF644JKD/,/files/ENCFF343ULH/,/files/ENCFF893YLQ/,/files/ENCFF161VLH/,/files/ENCFF292HHJ/,/files/ENCFF526CLN/,/files/ENCFF245HIM/,/files/ENCFF409BGH/,/files/ENCFF826PBG/,/files/ENCFF554CMD/,/files/ENCFF871GVU/		ENCBS746YNW	1	1	ENCAB830JLB	Homo sapiens	adult	54 years												/replicates/24d7e8cc-4849-42be-a06c-a30b28329a88/				
/experiments/ENCSR104QEN/	ENCSR104QEN	ChIP-seq	TF ChIP-seq	tissue	/targets/CTCF-mouse/	CTCF	Ctcf	Mus musculus strain B6NCrl stomach tissue postnatal (0 days)	stomach	FactorBook:ENCSR104QEN,GEO:GSE91488,SCREEN-mm10:C57BL/6_stomach_postnatal_0_days	Chip-Seq on CTCF-mouse	Richard Myers, HAIB	ENCODE	released	/files/ENCFF685COX/,/files/ENCFF671DZT/,/files/ENCFF812WVE/,/files/ENCFF681IOT/,/files/ENCFF227PSJ/,/files/ENCFF117FSA/,/files/ENCFF483JGF/,/files/ENCFF373IZO/,/files/ENCFF394DGY/,/files/ENCFF089TNA/,/files/ENCFF691CQC/,/files/ENCFF864EIW/,/files/ENCFF987RIQ/,/files/ENCFF532ILK/,/files/ENCFF776PVW/,/files/ENCFF650CYV/,/files/ENCFF148MSI/,/files/ENCFF812TBN/,/files/ENCFF906IPW/,/files/ENCFF924UET/,/files/ENCFF528HLZ/,/files/ENCFF416UWZ/,/files/ENCFF030TZD/,/files/ENCFF469JZH/,/files/ENCFF685EPG/,/files/ENCFF104PYP/,/files/ENCFF686MBJ/,/files/ENCFF880QHG/,/files/ENCFF878VUM/,/files/ENCFF735IIP/,/files/ENCFF756ZVS/,/files/ENCFF756ROG/,/files/ENCFF089DTP/,/files/ENCFF822GCD/,/files/ENCFF283XCT/,/files/ENCFF139MCG/,/files/ENCFF491SKB/,/files/ENCFF091RFM/,/files/ENCFF907XEG/,/files/ENCFF422FKU/,/files/ENCFF885VKZ/,/files/ENCFF662AAW/,/files/ENCFF444DAT/,/files/ENCFF967VVO/,/files/ENCFF693MTU/,/files/ENCFF021UXX/	/reference-epigenomes/ENCSR571BOJ/,/organism-development-series/ENCSR115PPW/	ENCBS551QZH	1,2	1	ENCAB247TYO	Mus musculus	postnatal	0 days												/replicates/e4efd29e-97b0-4589-ac5d-4ade1122d8ad/,/replicates/ca07f564-ebb1-49b8-97e7-4f163f07edb4/				
/experiments/ENCSR549WAU/	ENCSR549WAU	ChIP-seq	TF ChIP-seq	tissue	/targets/CTCF-human/	CTCF	CTCF	Homo sapiens stomach tissue male adult (54 years)	stomach	FactorBook:ENCSR549WAU,SCREEN-GRCh38:stomach_male_adult_54_years,GEO:GSE105703	CTCF ChIP-seq on human stomach	Michael Snyder, Stanford	ENCODE	released	/files/ENCFF300ZLQ/,/files/ENCFF643OCA/,/files/ENCFF658ZTF/,/files/ENCFF209DDU/,/files/ENCFF981KMS/,/files/ENCFF374OTR/,/files/ENCFF145ENZ/,/files/ENCFF740FSP/,/files/ENCFF560VSK/,/files/ENCFF539GCT/,/files/ENCFF108QPP/,/files/ENCFF088QXS/,/files/ENCFF220VAH/,/files/ENCFF828ASK/,/files/ENCFF189ECF/,/files/ENCFF362CBG/,/files/ENCFF684OBP/,/files/ENCFF716PBW/,/files/ENCFF409ADJ/,/files/ENCFF166JQQ/,/files/ENCFF160JXN/,/files/ENCFF352OPQ/,/files/ENCFF697PYG/,/files/ENCFF515HTQ/,/files/ENCFF593FMT/	/experiment-series/ENCSR482HNE/	ENCBS424ANS	1	1	ENCAB830JLB	Homo sapiens	adult	54 years												/replicates/034dbada-1890-4eef-a3c7-594b980cf042/				
/experiments/ENCSR361KVZ/	ENCSR361KVZ	ChIP-seq	TF ChIP-seq	tissue	/targets/CTCF-human/	CTCF	CTCF	Homo sapiens stomach tissue female adult (51 years)	stomach	GEO:GSE175207,FactorBook:ENCSR361KVZ		Bradley Bernstein, Broad	ENCODE	released	/files/ENCFF590JWL/,/files/ENCFF355JQR/,/files/ENCFF128XGO/,/files/ENCFF708OMP/,/files/ENCFF872AIW/,/files/ENCFF635ZZT/,/files/ENCFF217MGU/,/files/ENCFF393SKM/,/files/ENCFF861GCW/,/files/ENCFF798AIT/,/files/ENCFF604ZUF/,/files/ENCFF531IQK/,/files/ENCFF905ECA/,/files/ENCFF379CDW/,/files/ENCFF383YII/,/files/ENCFF273NDZ/,/files/ENCFF122PDP/,/files/ENCFF676GBB/,/files/ENCFF142WSL/,/files/ENCFF049IPS/,/files/ENCFF577WJR/,/files/ENCFF881DEJ/,/files/ENCFF008GJA/,/files/ENCFF302BYY/,/files/ENCFF919OEF/,/files/ENCFF767CVC/,/files/ENCFF532GIV/	/experiment-series/ENCSR432TSW/	ENCBS633XWN	1	1,2	ENCAB000AXX	Homo sapiens	adult	51 years												/replicates/a22f1972-0272-4805-be71-cd08117dc537/,/replicates/0c148e0c-62b5-4e95-b5db-d0fc34bbbc00/				
/experiments/ENCSR028YEV/	ENCSR028YEV	ChIP-seq	TF ChIP-seq	tissue	/targets/CTCF-human/	CTCF	CTCF	Homo sapiens spleen tissue male adult (54 years)	spleen	GEO:GSE105263,FactorBook:ENCSR028YEV,SCREEN-GRCh38:spleen_male_adult_54_years	CTCF ChIP-seq on human spleen	Michael Snyder, Stanford	ENCODE	released	/files/ENCFF613GCH/,/files/ENCFF884DQI/,/files/ENCFF712ZNQ/,/files/ENCFF772IAG/,/files/ENCFF595UYF/,/files/ENCFF995PAE/,/files/ENCFF905KCY/,/files/ENCFF569UCD/,/files/ENCFF925EOE/,/files/ENCFF471MEB/,/files/ENCFF741BED/,/files/ENCFF518IAE/,/files/ENCFF399TIE/,/files/ENCFF025FKT/,/files/ENCFF156YWX/,/files/ENCFF158LCC/,/files/ENCFF650MME/,/files/ENCFF234VTM/,/files/ENCFF881FZQ/,/files/ENCFF270XWF/,/files/ENCFF566EOC/,/files/ENCFF384GUL/,/files/ENCFF878IYR/,/files/ENCFF093ITC/,/files/ENCFF615TSM/,/files/ENCFF295PXU/,/files/ENCFF189NZE/,/files/ENCFF176ERE/		ENCBS009ALA	1	1	ENCAB830JLB	Homo sapiens	adult	54 years												/replicates/95554f5d-642f-4b86-b3fe-df1a98bf7a5d/				
/experiments/ENCSR418SBY/	ENCSR418SBY	ChIP-seq	TF ChIP-seq	tissue	/targets/CTCF-mouse/	CTCF	Ctcf	Mus musculus strain B6NCrl lung tissue postnatal (0 days)	lung	GEO:GSE91751,FactorBook:ENCSR418SBY,SCREEN-mm10:C57BL/6_lung_postnatal_0_days	Chip-Seq on CTCF-mouse	Richard Myers, HAIB	ENCODE	released	/files/ENCFF332NMV/,/files/ENCFF657QHM/,/files/ENCFF279PCQ/,/files/ENCFF338TRQ/,/files/ENCFF672FTF/,/files/ENCFF371DSR/,/files/ENCFF429CPF/,/files/ENCFF822VDO/,/files/ENCFF874BXA/,/files/ENCFF358XOH/,/files/ENCFF811CFN/,/files/ENCFF273XBZ/,/files/ENCFF445MYW/,/files/ENCFF847BRE/,/files/ENCFF780QOO/,/files/ENCFF831GJV/,/files/ENCFF574SPR/,/files/ENCFF504LSR/,/files/ENCFF630JQR/,/files/ENCFF410PVV/,/files/ENCFF461GJZ/,/files/ENCFF709NWF/,/files/ENCFF616DGB/,/files/ENCFF633LEJ/,/files/ENCFF985TTQ/,/files/ENCFF739QBQ/,/files/ENCFF707HGS/,/files/ENCFF843LFB/,/files/ENCFF167ZDU/,/files/ENCFF187IWI/,/files/ENCFF033EQD/,/files/ENCFF746LSE/,/files/ENCFF116ZIX/,/files/ENCFF223NZE/,/files/ENCFF726JVA/,/files/ENCFF056EAK/,/files/ENCFF770KIY/,/files/ENCFF139PFU/,/files/ENCFF177FQO/,/files/ENCFF511MPB/,/files/ENCFF811UXN/,/files/ENCFF198SSR/,/files/ENCFF568JLE/,/files/ENCFF912EPM/,/files/ENCFF914BTR/,/files/ENCFF663RDE/	/reference-epigenomes/ENCSR203RUV/,/organism-development-series/ENCSR520VFP/	ENCBS506ZRP	1,2	1	ENCAB247TYO	Mus musculus	postnatal	0 days												/replicates/1408fb0a-d978-425b-9bc2-812af27d970d/,/replicates/b68dfad6-c671-4953-9a96-dc9c68b49efd/				
/experiments/ENCSR494TNM/	ENCSR494TNM	ChIP-seq	TF ChIP-seq	tissue	/targets/CTCF-human/	CTCF	CTCF	Homo sapiens testis tissue male adult (37 years)	testis	GEO:GSE105739,SCREEN-GRCh38:testis_male_adult_37_years,FactorBook:ENCSR494TNM	CTCF ChIP-seq on human testis	Michael Snyder, Stanford	ENCODE	released	/files/ENCFF966BYU/,/files/ENCFF838NDW/,/files/ENCFF137PWH/,/files/ENCFF990EXV/,/files/ENCFF447DVZ/,/files/ENCFF232BJL/,/files/ENCFF679WVG/,/files/ENCFF431OZO/,/files/ENCFF638SOR/,/files/ENCFF146REQ/,/files/ENCFF772SZX/,/files/ENCFF432XLE/,/files/ENCFF187EOX/,/files/ENCFF686GDH/,/files/ENCFF300WML/,/files/ENCFF982KVN/,/files/ENCFF684CSF/,/files/ENCFF788RFY/,/files/ENCFF711HNH/,/files/ENCFF766SZO/,/files/ENCFF128XQJ/,/files/ENCFF779ESS/,/files/ENCFF883KMQ/,/files/ENCFF387GJA/,/files/ENCFF897DPN/		ENCBS133MOQ	1	1	ENCAB830JLB	Homo sapiens	adult	37 years												/replicates/3fb48ac6-856f-43ea-8d65-15774b8fc07a/				
/experiments/ENCSR482PMN/	ENCSR482PMN	ChIP-seq	TF ChIP-seq	tissue	/targets/CTCF-human/	CTCF	CTCF	Homo sapiens spleen tissue female adult (51 years)	spleen	GEO:GSE105690,FactorBook:ENCSR482PMN,SCREEN-GRCh38:spleen_female_adult_51_years	CTCF ChIP-seq on human spleen	Michael Snyder, Stanford	ENCODE	released	/files/ENCFF458DTN/,/files/ENCFF024GRH/,/files/ENCFF542ZSP/,/files/ENCFF577BMV/,/files/ENCFF856JOP/,/files/ENCFF015XKO/,/files/ENCFF396TUD/,/files/ENCFF655NZF/,/files/ENCFF041QTD/,/files/ENCFF106YQM/,/files/ENCFF518NZX/,/files/ENCFF183ZPD/,/files/ENCFF093KIY/,/files/ENCFF380QFL/,/files/ENCFF887GWM/,/files/ENCFF540DVR/,/files/ENCFF250RMB/,/files/ENCFF756YET/,/files/ENCFF535KXO/,/files/ENCFF966MHV/,/files/ENCFF799EGI/,/files/ENCFF101RDN/,/files/ENCFF827QSE/,/files/ENCFF047BEO/,/files/ENCFF077XIZ/		ENCBS214FBD	1	1	ENCAB830JLB	Homo sapiens	adult	51 years												/replicates/e39fc360-0f31-4061-be85-5d2f900a231b/				
/experiments/ENCSR776AEL/	ENCSR776AEL	ChIP-seq	TF ChIP-seq	tissue	/targets/CTCF-human/	CTCF	CTCF	Homo sapiens stomach tissue female adult (53 years)	stomach	FactorBook:ENCSR776AEL,SCREEN-GRCh38:stomach_female_adult_53_years,GEO:GSE106021	CTCF ChIP-seq on human stomach	Michael Snyder, Stanford	ENCODE	released	/files/ENCFF278ZFA/,/files/ENCFF372GPW/,/files/ENCFF881VQU/,/files/ENCFF080WMH/,/files/ENCFF279PAT/,/files/ENCFF780OIC/,/files/ENCFF828UBR/,/files/ENCFF142PDO/,/files/ENCFF277ANO/,/files/ENCFF870YEI/,/files/ENCFF413OBX/,/files/ENCFF651QPL/,/files/ENCFF896ZBU/,/files/ENCFF848ZIL/,/files/ENCFF114IFZ/,/files/ENCFF201JTI/,/files/ENCFF170WTD/,/files/ENCFF831BFL/,/files/ENCFF096TXP/,/files/ENCFF346VUJ/,/files/ENCFF989IYN/,/files/ENCFF873HAS/,/files/ENCFF698RLK/,/files/ENCFF342TIG/,/files/ENCFF054NXY/		ENCBS296KUN	1	1	ENCAB830JLB	Homo sapiens	adult	53 years												/replicates/cc5d2e12-fd28-44b1-871d-6ffd49049e15/				
/experiments/ENCSR000CBV/	ENCSR000CBV	ChIP-seq	TF ChIP-seq	tissue	/targets/CTCF-mouse/	CTCF	Ctcf	Mus musculus strain B6NCrl lung tissue male adult (2 months)	lung	UCSC-ENCODE-mm9:wgEncodeEM001697,FactorBook:ENCSR000CBV,GEO:GSM918722,SCREEN-mm10:C57BL/6_lung_male_adult_8_weeks	CTCF ChIP-seq on 8-week mouse lung	Bing Ren, UCSD	ENCODE	released	/files/ENCFF001LNI/,/files/ENCFF001LNK/,/files/ENCFF001LNL/,/files/ENCFF001LNM/,/files/ENCFF001LNS/,/files/ENCFF001LNT/,/files/ENCFF001YAO/,/files/ENCFF864IVP/,/files/ENCFF554XVK/,/files/ENCFF597HPS/,/files/ENCFF654LDN/,/files/ENCFF745HUF/,/files/ENCFF839JQI/,/files/ENCFF782GYX/,/files/ENCFF453LEY/,/files/ENCFF491RJK/,/files/ENCFF943OKZ/,/files/ENCFF263OTY/,/files/ENCFF875BXM/,/files/ENCFF725TNR/,/files/ENCFF649OFV/,/files/ENCFF170BOZ/,/files/ENCFF054NEE/,/files/ENCFF004JBD/,/files/ENCFF302NLF/,/files/ENCFF910LFA/,/files/ENCFF299BWJ/,/files/ENCFF694GGB/,/files/ENCFF202QTG/,/files/ENCFF422DEW/,/files/ENCFF010ONI/,/files/ENCFF304KVI/,/files/ENCFF173MWV/,/files/ENCFF168RMI/,/files/ENCFF367LMD/,/files/ENCFF967TRS/,/files/ENCFF695XKZ/,/files/ENCFF678KWQ/,/files/ENCFF008AYP/,/files/ENCFF176AHK/,/files/ENCFF870YTE/,/files/ENCFF538KBR/,/files/ENCFF575GVY/,/files/ENCFF634XVK/,/files/ENCFF787KIM/,/files/ENCFF605YVN/,/files/ENCFF171COP/,/files/ENCFF826REH/,/files/ENCFF210RWO/		ENCBS150ENC,ENCBS863EYZ	1,2	1	ENCAB210NHK	Mus musculus	adult	2 months												/replicates/6412b304-8391-459b-954c-b7f3d8848ed1/,/replicates/df4fc820-0390-42e4-9331-1eb421de8537/				
/experiments/ENCSR024KGB/	ENCSR024KGB	ChIP-seq	TF ChIP-seq	tissue	/targets/CTCF-mouse/	CTCF	Ctcf	Mus musculus strain B6CASTF1/J heart tissue female adult (2 months)	heart	GEO:GSE230915		Bradley Bernstein, Broad	ENCODE	released	/files/ENCFF897IYX/,/files/ENCFF734VIC/,/files/ENCFF190SET/,/files/ENCFF155MXC/,/files/ENCFF586HRH/,/files/ENCFF283XOT/,/files/ENCFF906QHT/,/files/ENCFF366EAW/,/files/ENCFF754SSN/,/files/ENCFF635MVX/,/files/ENCFF318XPS/,/files/ENCFF330FST/,/files/ENCFF803GGI/,/files/ENCFF637GEK/,/files/ENCFF716OIX/,/files/ENCFF679BDA/,/files/ENCFF461BMA/,/files/ENCFF368CHF/,/files/ENCFF260XGK/,/files/ENCFF787IYY/,/files/ENCFF943WHW/,/files/ENCFF189GBX/,/files/ENCFF589FKU/,/files/ENCFF906GBV/,/files/ENCFF707XHU/,/files/ENCFF660HRL/,/files/ENCFF986VHM/,/files/ENCFF175FLI/,/files/ENCFF963MAW/,/files/ENCFF415RPZ/,/files/ENCFF514BJN/,/files/ENCFF921JWH/,/files/ENCFF152ATO/,/files/ENCFF949PKN/,/files/ENCFF574VFS/,/files/ENCFF130IYP/,/files/ENCFF459KFJ/,/files/ENCFF482MUB/,/files/ENCFF126GAO/,/files/ENCFF339FYO/,/files/ENCFF155GHM/,/files/ENCFF852TSI/,/files/ENCFF940MUD/,/files/ENCFF980MSU/,/files/ENCFF625EMQ/,/files/ENCFF367UNR/,/files/ENCFF288LOE/,/files/ENCFF082WAC/,/files/ENCFF618LLT/,/files/ENCFF904WDH/,/files/ENCFF114IDY/,/files/ENCFF331JCQ/	/organism-development-series/ENCSR640AJG/	ENCBS509WQM,ENCBS786IOZ	1,2	2,1	ENCAB719MQZ	Mus musculus	adult	2 months												/replicates/cd0e2e81-dde4-4a3f-a4fe-3b6a2993e85c/,/replicates/8cbed5ec-169b-4606-b701-a5ff5f0e6fe9/,/replicates/4cdc7051-0154-4085-a5e8-68e2b8b9628a/,/replicates/54ae61b9-641b-4899-ae22-ddcc18ce78dc/				
/experiments/ENCSR000CBI/	ENCSR000CBI	ChIP-seq	TF ChIP-seq	tissue	/targets/CTCF-mouse/	CTCF	Ctcf	Mus musculus strain B6NCrl heart tissue male adult (2 months)	heart	UCSC-ENCODE-mm9:wgEncodeEM001684,FactorBook:ENCSR000CBI,GEO:GSM918756,SCREEN-mm10:C57BL/6_heart_male_adult_8_weeks	CTCF ChIP-seq on 8-week mouse heart	Bing Ren, UCSD	ENCODE	released	/files/ENCFF001LJK/,/files/ENCFF001LJL/,/files/ENCFF001LJM/,/files/ENCFF001LJP/,/files/ENCFF001LJV/,/files/ENCFF001LJW/,/files/ENCFF001YAF/,/files/ENCFF697CPY/,/files/ENCFF829TDM/,/files/ENCFF180YAD/,/files/ENCFF198ZVJ/,/files/ENCFF474GRP/,/files/ENCFF205YLK/,/files/ENCFF616HYA/,/files/ENCFF639AFA/,/files/ENCFF644KRF/,/files/ENCFF753TYE/,/files/ENCFF893QOZ/,/files/ENCFF754RBY/,/files/ENCFF693RNU/,/files/ENCFF708QMA/,/files/ENCFF987EVU/,/files/ENCFF366XDH/,/files/ENCFF434XPF/,/files/ENCFF089NKC/,/files/ENCFF824BON/,/files/ENCFF447SUY/,/files/ENCFF909QYM/,/files/ENCFF458UVF/,/files/ENCFF656JFF/,/files/ENCFF443POS/,/files/ENCFF631QLR/,/files/ENCFF572CZB/,/files/ENCFF951GOP/,/files/ENCFF227USR/,/files/ENCFF895HRS/,/files/ENCFF994YHB/,/files/ENCFF792MAK/,/files/ENCFF708ETQ/,/files/ENCFF844WZZ/,/files/ENCFF879SSJ/,/files/ENCFF150ITM/,/files/ENCFF810VRK/,/files/ENCFF809JIR/,/files/ENCFF781LYI/,/files/ENCFF341VMV/,/files/ENCFF193BUF/,/files/ENCFF147IYR/,/files/ENCFF573BPY/	/reference-epigenomes/ENCSR656TAD/	ENCBS142ENC,ENCBS847CEH	1,2	1	ENCAB210NHK	Mus musculus	adult	2 months												/replicates/79a6a64c-3f72-47c0-834c-4838007e90d1/,/replicates/39680690-9705-45d5-97da-aa6240439718/				
/experiments/ENCSR000CBJ/	ENCSR000CBJ	ChIP-seq	TF ChIP-seq	tissue	/targets/CTCF-mouse/	CTCF	Ctcf	Mus musculus strain B6NCrl kidney tissue male adult (2 months)	kidney	UCSC-ENCODE-mm9:wgEncodeEM001685,FactorBook:ENCSR000CBJ,GEO:GSM918731,SCREEN-mm10:C57BL/6_kidney_male_adult_8_weeks	CTCF ChIP-seq on 8-week mouse kidney	Bing Ren, UCSD	ENCODE	released	/files/ENCFF001LKM/,/files/ENCFF001LKN/,/files/ENCFF001LKO/,/files/ENCFF001LKR/,/files/ENCFF001LKY/,/files/ENCFF001LLE/,/files/ENCFF001YAI/,/files/ENCFF488MEI/,/files/ENCFF897RYO/,/files/ENCFF265AMZ/,/files/ENCFF147QPL/,/files/ENCFF237XJD/,/files/ENCFF571CYW/,/files/ENCFF594EHQ/,/files/ENCFF821ICZ/,/files/ENCFF420ODU/,/files/ENCFF147CTE/,/files/ENCFF601AJL/,/files/ENCFF164ZFD/,/files/ENCFF523FYC/,/files/ENCFF311HPG/,/files/ENCFF946DCA/,/files/ENCFF258WBW/,/files/ENCFF081LJA/,/files/ENCFF106JNO/,/files/ENCFF639BFP/,/files/ENCFF171XNQ/,/files/ENCFF720BLF/,/files/ENCFF334NJS/,/files/ENCFF360LEZ/,/files/ENCFF938GUX/,/files/ENCFF859MQM/,/files/ENCFF196NRY/,/files/ENCFF276OUT/,/files/ENCFF943RLW/,/files/ENCFF743WIY/,/files/ENCFF570HPH/,/files/ENCFF921GVV/,/files/ENCFF324XFL/,/files/ENCFF384OYR/,/files/ENCFF209LZY/,/files/ENCFF826DBQ/,/files/ENCFF156XLA/,/files/ENCFF481GIC/,/files/ENCFF753KAK/,/files/ENCFF933GZG/,/files/ENCFF957SPH/	/reference-epigenomes/ENCSR607TSZ/	ENCBS601VEO,ENCBS333ENC	2,1	1	ENCAB210NHK	Mus musculus	adult	2 months												/replicates/1820e8af-3563-4af9-9ba8-7884a962893c/,/replicates/7fff6610-2603-47f4-86c6-07528fa3a21c/				
/experiments/ENCSR466TNQ/	ENCSR466TNQ	ChIP-seq	TF ChIP-seq	tissue	/targets/CTCF-human/	CTCF	CTCF	Homo sapiens spleen tissue female adult (61 years)	spleen	GEO:GSE187903	CTCF ChIP-seq on spleen tissue female adult (61 years)	Bradley Bernstein, Broad	ENCODE	released	/files/ENCFF010DRY/,/files/ENCFF243VFT/,/files/ENCFF108ITR/,/files/ENCFF945HIM/,/files/ENCFF697FIF/,/files/ENCFF828YQM/,/files/ENCFF692RFJ/,/files/ENCFF528HSP/,/files/ENCFF972SUT/,/files/ENCFF855HBE/,/files/ENCFF915LKG/,/files/ENCFF549WAF/,/files/ENCFF139JDN/,/files/ENCFF468EZF/,/files/ENCFF806GMH/		ENCBS193VFU	1	1,2	ENCAB719MQZ	Homo sapiens	adult	61 years												/replicates/2c5ada5c-2c45-47a8-a55b-296bf95396bd/,/replicates/4a72ab3f-56f9-497b-83a9-20352ed2b9f2/				
/experiments/ENCSR000CBY/	ENCSR000CBY	ChIP-seq	TF ChIP-seq	tissue	/targets/CTCF-mouse/	CTCF	Ctcf	Mus musculus strain B6NCrl spleen tissue male adult (2 months)	spleen	FactorBook:ENCSR000CBY,GEO:GSM918745,UCSC-ENCODE-mm9:wgEncodeEM001700	CTCF ChIP-seq on 8-week mouse spleen	Bing Ren, UCSD	ENCODE	released	/files/ENCFF001LQQ/,/files/ENCFF001LQS/,/files/ENCFF001LQT/,/files/ENCFF001LQX/,/files/ENCFF001LQY/,/files/ENCFF001LRE/,/files/ENCFF001YAY/,/files/ENCFF497WZO/,/files/ENCFF581CEH/,/files/ENCFF137QSX/,/files/ENCFF409DKD/,/files/ENCFF362UGO/,/files/ENCFF043ZKY/,/files/ENCFF830VAD/,/files/ENCFF089EWX/,/files/ENCFF922FCG/,/files/ENCFF250ZOH/,/files/ENCFF803MIB/,/files/ENCFF426ISA/,/files/ENCFF187PDI/,/files/ENCFF169CCR/,/files/ENCFF535WVL/,/files/ENCFF112SBO/,/files/ENCFF273VCB/,/files/ENCFF384HMO/,/files/ENCFF933HEY/,/files/ENCFF075ICA/,/files/ENCFF759USN/,/files/ENCFF192DGD/,/files/ENCFF480NDI/,/files/ENCFF917TEQ/,/files/ENCFF602HTL/,/files/ENCFF117SRG/	/reference-epigenomes/ENCSR902FHL/	ENCBS160ENC,ENCBS849TWQ	1,2	1	ENCAB210NHK	Mus musculus	adult	2 months												/replicates/0ee37fba-8e63-48d5-8ce2-b8740b938888/,/replicates/ac864f36-682a-47d9-bad3-7cd5f22fafc5/				
/experiments/ENCSR041SMK/	ENCSR041SMK	ChIP-seq	TF ChIP-seq	tissue	/targets/CTCF-mouse/	CTCF	Ctcf	Mus musculus strain B6NCrl liver tissue postnatal (0 days)	liver	GEO:GSE91433,SCREEN-mm10:C57BL/6_liver_postnatal_0_days,FactorBook:ENCSR041SMK	CTCF ChIP-seq on postnatal 0 day mouse liver	Richard Myers, HAIB	ENCODE	released	/files/ENCFF229RMI/,/files/ENCFF978BAW/,/files/ENCFF870EFC/,/files/ENCFF065XOC/,/files/ENCFF964VKE/,/files/ENCFF135BRB/,/files/ENCFF243NGS/,/files/ENCFF470MBB/,/files/ENCFF111WBO/,/files/ENCFF081EGW/,/files/ENCFF627DYN/,/files/ENCFF909EDQ/,/files/ENCFF698RNZ/,/files/ENCFF671TIQ/,/files/ENCFF310FWM/,/files/ENCFF722SID/,/files/ENCFF702PWG/,/files/ENCFF906LQJ/,/files/ENCFF260DWI/,/files/ENCFF112EXI/,/files/ENCFF186QKQ/,/files/ENCFF708ZJC/,/files/ENCFF057OUB/,/files/ENCFF027XBS/,/files/ENCFF362ESI/,/files/ENCFF048VNT/,/files/ENCFF042YPB/,/files/ENCFF221UBN/,/files/ENCFF092JQJ/,/files/ENCFF385XFJ/,/files/ENCFF844LRA/,/files/ENCFF336QVB/,/files/ENCFF917KFE/,/files/ENCFF510UAC/,/files/ENCFF755FZG/,/files/ENCFF178HWE/,/files/ENCFF807NCP/,/files/ENCFF935ZIU/,/files/ENCFF346IAY/,/files/ENCFF526WXN/,/files/ENCFF361DLQ/,/files/ENCFF139GWZ/,/files/ENCFF589ZBJ/,/files/ENCFF637BDS/,/files/ENCFF390JIB/,/files/ENCFF164OKU/	/reference-epigenomes/ENCSR687SNT/,/organism-development-series/ENCSR260JFM/	ENCBS152FNH	1,2	1	ENCAB247TYO	Mus musculus	postnatal	0 days												/replicates/cefe6e74-7b61-4682-b85a-7a6e8c134e4b/,/replicates/b66071d3-38ce-463e-90d7-cf8c8dce687e/				
/experiments/ENCSR000DMC/	ENCSR000DMC	ChIP-seq	TF ChIP-seq	tissue	/targets/CTCF-human/	CTCF	CTCF	Homo sapiens kidney tissue male adult (22 years) and male adult (27 years) and male adult (35 years)	kidney	FactorBook:ENCSR000DMC,GEO:GSM1006886,UCSC-ENCODE-hg19:wgEncodeEH003461	CTCF ChIP-seq on human kidney	Vishwanath Iyer, UTA	ENCODE	released	/files/ENCFF000RWW/,/files/ENCFF000RWX/,/files/ENCFF000RWY/,/files/ENCFF000RWZ/,/files/ENCFF000RXA/,/files/ENCFF000RXC/,/files/ENCFF000RXE/,/files/ENCFF000RXM/,/files/ENCFF000RXV/,/files/ENCFF001UTG/,/files/ENCFF771XRW/,/files/ENCFF115KMD/,/files/ENCFF651VTO/,/files/ENCFF462JFD/,/files/ENCFF983FRB/,/files/ENCFF699XJQ/,/files/ENCFF437FPB/,/files/ENCFF697DNI/,/files/ENCFF853DAO/,/files/ENCFF485UGO/,/files/ENCFF983WRZ/,/files/ENCFF467TZG/,/files/ENCFF872PGU/,/files/ENCFF744PCL/,/files/ENCFF188YCG/,/files/ENCFF431NTM/,/files/ENCFF631PKY/,/files/ENCFF446TPO/,/files/ENCFF444SRP/,/files/ENCFF442FOK/,/files/ENCFF362SWV/,/files/ENCFF533BOQ/,/files/ENCFF110ZAA/,/files/ENCFF118LZF/,/files/ENCFF174DNB/,/files/ENCFF498EED/,/files/ENCFF335EKK/,/files/ENCFF402MXP/,/files/ENCFF469KQR/,/files/ENCFF742IDD/,/files/ENCFF072YQD/,/files/ENCFF805OVS/,/files/ENCFF793CZW/,/files/ENCFF988YKT/,/files/ENCFF794TUK/,/files/ENCFF469GWW/,/files/ENCFF827EQD/,/files/ENCFF129BYY/,/files/ENCFF231VUU/,/files/ENCFF011TYF/,/files/ENCFF986TRC/,/files/ENCFF897YPX/,/files/ENCFF266RUF/,/files/ENCFF326VPY/,/files/ENCFF660PEI/,/files/ENCFF936UYK/,/files/ENCFF163SAM/		ENCBS349AAA,ENCBS136AAA,ENCBS137AAA	2,1,3	1	ENCAB000AXY	Homo sapiens	adult	27 years,35 years,22 years												/replicates/de47c277-9229-49f6-82c5-11fde4bc27b9/,/replicates/d4efde02-7fee-4876-8374-a2d5dcae4250/,/replicates/a840e036-1c40-466c-bf4f-7e3d63a9f7e9/				
/experiments/ENCSR753RME/	ENCSR753RME	ChIP-seq	TF ChIP-seq	tissue	/targets/CTCF-human/	CTCF	CTCF	Homo sapiens testis tissue male adult (37 years)	testis	GEO:GSE143075,FactorBook:ENCSR753RME		Bradley Bernstein, Broad	ENCODE	released	/files/ENCFF926XQI/,/files/ENCFF952CAI/,/files/ENCFF364KGQ/,/files/ENCFF913VNP/,/files/ENCFF459QKD/,/files/ENCFF462DJL/,/files/ENCFF313BBD/,/files/ENCFF486CNU/,/files/ENCFF385OPN/,/files/ENCFF817DDQ/,/files/ENCFF305POC/,/files/ENCFF624CUY/,/files/ENCFF934YXP/,/files/ENCFF855EVV/,/files/ENCFF834PHF/,/files/ENCFF292AYO/,/files/ENCFF808MAR/,/files/ENCFF342ANT/,/files/ENCFF506VPY/,/files/ENCFF767LMP/,/files/ENCFF913WLI/,/files/ENCFF531VDO/,/files/ENCFF658BSZ/,/files/ENCFF453LVK/,/files/ENCFF302HIZ/,/files/ENCFF917CYG/,/files/ENCFF919VBQ/	/reference-epigenomes/ENCSR493GDU/	ENCBS631HJF	1	1,2	ENCAB000AXX,ENCAB719MQZ	Homo sapiens	adult	37 years												/replicates/bf16ec71-f0c0-44a7-85b7-fc64fa037337/,/replicates/167255bb-1a05-4981-b5b0-f781a6635f16/				
/experiments/ENCSR037GKL/	ENCSR037GKL	ChIP-seq	TF ChIP-seq	tissue	/targets/CTCF-human/	CTCF	CTCF	Homo sapiens stomach tissue male adult (54 years)	stomach	GEO:GSE142886,FactorBook:ENCSR037GKL		Bradley Bernstein, Broad	ENCODE	released	/files/ENCFF674UON/,/files/ENCFF152DNP/,/files/ENCFF719DAZ/,/files/ENCFF516DBS/,/files/ENCFF017NAF/,/files/ENCFF370QHR/,/files/ENCFF283CKT/,/files/ENCFF910IYH/,/files/ENCFF059DKV/,/files/ENCFF588UNU/,/files/ENCFF418TMJ/,/files/ENCFF241IMV/,/files/ENCFF706TYF/,/files/ENCFF722KEB/,/files/ENCFF671JPS/,/files/ENCFF541FYT/,/files/ENCFF911ATF/,/files/ENCFF768SLC/,/files/ENCFF148SVM/,/files/ENCFF942EQC/,/files/ENCFF439GTQ/,/files/ENCFF745FBX/,/files/ENCFF185GWT/,/files/ENCFF280ZTK/,/files/ENCFF990VRH/,/files/ENCFF029ULY/,/files/ENCFF034PJC/	/experiment-series/ENCSR482HNE/,/reference-epigenomes/ENCSR135MTK/	ENCBS443LLE	1	2,1	ENCAB000AXX	Homo sapiens	adult	54 years												/replicates/5ac94f14-bbdd-4a04-ae93-1f5de53eec40/,/replicates/f4851033-302d-4fdb-9f75-1df517ff179f/				
/experiments/ENCSR601FEB/	ENCSR601FEB	ChIP-seq	TF ChIP-seq	tissue	/targets/CTCF-human/	CTCF	CTCF	Homo sapiens spleen tissue female adult (53 years)	spleen	FactorBook:ENCSR601FEB,GEO:GSE143022		Bradley Bernstein, Broad	ENCODE	released	/files/ENCFF477SWW/,/files/ENCFF014VIU/,/files/ENCFF941UQF/,/files/ENCFF408PWA/,/files/ENCFF588VLZ/,/files/ENCFF627ATD/,/files/ENCFF158WLJ/,/files/ENCFF136BVP/,/files/ENCFF978AWN/,/files/ENCFF274EVO/,/files/ENCFF153IJL/,/files/ENCFF060LWI/,/files/ENCFF184FRT/,/files/ENCFF571WNO/,/files/ENCFF757QAF/,/files/ENCFF664NBX/,/files/ENCFF167PWR/,/files/ENCFF707YKJ/,/files/ENCFF674KGF/,/files/ENCFF237FCU/,/files/ENCFF840HIB/,/files/ENCFF813WAW/,/files/ENCFF106LIP/,/files/ENCFF650BRJ/,/files/ENCFF610OSG/,/files/ENCFF477OMN/,/files/ENCFF670YZN/,/files/ENCFF784KIJ/,/files/ENCFF245FVY/,/files/ENCFF723ZSX/,/files/ENCFF417IMY/,/files/ENCFF645DZX/,/files/ENCFF718QZC/,/files/ENCFF808HMO/,/files/ENCFF877OMB/,/files/ENCFF266LXV/,/files/ENCFF791XAC/,/files/ENCFF503PTT/,/files/ENCFF080KJG/,/files/ENCFF396MJF/,/files/ENCFF270LLX/,/files/ENCFF925OBU/,/files/ENCFF317IJF/,/files/ENCFF251MIQ/,/files/ENCFF874RLV/,/files/ENCFF174VUF/,/files/ENCFF994XMN/,/files/ENCFF538TCF/,/files/ENCFF489UEK/,/files/ENCFF449AAE/,/files/ENCFF633OHN/,/files/ENCFF323RCO/,/files/ENCFF829UZV/,/files/ENCFF677EVR/,/files/ENCFF690SQM/,/files/ENCFF441HEH/,/files/ENCFF968BFA/,/files/ENCFF687YXN/,/files/ENCFF192AHV/,/files/ENCFF348LZJ/,/files/ENCFF551RRT/,/files/ENCFF875NPI/,/files/ENCFF753WNA/,/files/ENCFF411JAW/,/files/ENCFF722HFK/,/files/ENCFF361XXM/,/files/ENCFF317VCI/,/files/ENCFF438JVQ/,/files/ENCFF817UGX/,/files/ENCFF666WBP/,/files/ENCFF008YBA/,/files/ENCFF473BBE/,/files/ENCFF653ONC/,/files/ENCFF146BOL/	/reference-epigenomes/ENCSR519AFE/	ENCBS913XPU,ENCBS793DBC	1,2	2,1	ENCAB719MQZ,ENCAB000AXX	Homo sapiens	adult	53 years												/replicates/cbd47417-3339-4a22-a2bf-3a752bfb9fb5/,/replicates/8d42c53f-c19c-422f-bc13-876891034501/,/replicates/d40fa2cf-833e-4d90-915d-0d972877f715/,/replicates/11ce7c8c-3511-4b93-8fde-18ca0a93be15/				
/experiments/ENCSR266CJT/	ENCSR266CJT	ChIP-seq	TF ChIP-seq	tissue	/targets/CTCF-human/	CTCF	CTCF	Homo sapiens spleen tissue female adult (59 years)	spleen	GEO:GSE187224	CTCF ChIP-seq on spleen tissue female adult (59 years)	Bradley Bernstein, Broad	ENCODE	released	/files/ENCFF483NTZ/,/files/ENCFF938AYU/,/files/ENCFF890IDN/,/files/ENCFF893AMA/,/files/ENCFF900OLB/,/files/ENCFF755ACY/,/files/ENCFF705QUF/,/files/ENCFF324TLY/,/files/ENCFF464OPW/,/files/ENCFF161AWO/,/files/ENCFF645YCX/,/files/ENCFF718RSV/,/files/ENCFF825QXK/,/files/ENCFF919PRQ/,/files/ENCFF615RGG/	/reference-epigenomes/ENCSR944XDZ/	ENCBS297MNR	1	2,1	ENCAB719MQZ	Homo sapiens	adult	59 years												/replicates/b5deee5b-4cf9-4f73-abac-74557278fc5b/,/replicates/4e78c411-8484-4dd1-bf9f-aaea0158a1d8/				
/experiments/ENCSR692ILH/	ENCSR692ILH	ChIP-seq	TF ChIP-seq	tissue	/targets/CTCF-human/	CTCF	CTCF	Homo sapiens spleen tissue female adult (53 years)	spleen	FactorBook:ENCSR692ILH,SCREEN-GRCh38:spleen_female_adult_53_years,GEO:GSE105693	CTCF ChIP-seq on human spleen	Michael Snyder, Stanford	ENCODE	released	/files/ENCFF232GAY/,/files/ENCFF774SIF/,/files/ENCFF106TQC/,/files/ENCFF370DPP/,/files/ENCFF583IEN/,/files/ENCFF903NKV/,/files/ENCFF925TGL/,/files/ENCFF877QMQ/,/files/ENCFF003YLJ/,/files/ENCFF435CEQ/,/files/ENCFF857OID/,/files/ENCFF959CLQ/,/files/ENCFF219HLR/,/files/ENCFF248QUD/,/files/ENCFF750TQO/,/files/ENCFF882NVP/,/files/ENCFF805OEN/,/files/ENCFF551SXN/,/files/ENCFF656CCY/,/files/ENCFF078DZC/,/files/ENCFF028ZPB/,/files/ENCFF772KAN/,/files/ENCFF585XAQ/,/files/ENCFF643KOU/,/files/ENCFF615RAF/		ENCBS440AZZ	1	1	ENCAB830JLB	Homo sapiens	adult	53 years												/replicates/89e762f0-1f4c-4389-b0c6-1c5a91017821/				
/experiments/ENCSR173AIR/	ENCSR173AIR	ChIP-seq	TF ChIP-seq	tissue	/targets/CTCF-human/	CTCF	CTCF	Homo sapiens stomach tissue female adult (51 years)	stomach	GEO:GSE105355,FactorBook:ENCSR173AIR,SCREEN-GRCh38:stomach_female_adult_51_years	CTCF ChIP-seq on human stomach	Michael Snyder, Stanford	ENCODE	released	/files/ENCFF040PJI/,/files/ENCFF143XEG/,/files/ENCFF753ZPS/,/files/ENCFF042GGM/,/files/ENCFF757JXI/,/files/ENCFF704PKN/,/files/ENCFF914TTV/,/files/ENCFF779SGY/,/files/ENCFF552ZFG/,/files/ENCFF039SAY/,/files/ENCFF579DQD/,/files/ENCFF811HOR/,/files/ENCFF200UAT/,/files/ENCFF920IJH/,/files/ENCFF468WHP/,/files/ENCFF464YGC/,/files/ENCFF933XOI/,/files/ENCFF594CJV/,/files/ENCFF776NBM/,/files/ENCFF825XAC/,/files/ENCFF735OGJ/,/files/ENCFF595XAI/,/files/ENCFF899XIQ/,/files/ENCFF179IDQ/,/files/ENCFF346IVG/,/files/ENCFF370OWL/,/files/ENCFF667XYQ/,/files/ENCFF375TIA/	/reference-epigenomes/ENCSR669BAL/,/experiment-series/ENCSR432TSW/	ENCBS314VNR	1	1	ENCAB830JLB	Homo sapiens	adult	51 years												/replicates/7036be22-606e-44d8-b29a-6160ba972ce3/				
/experiments/ENCSR677SIH/	ENCSR677SIH	ChIP-seq	TF ChIP-seq	tissue	/targets/CTCF-mouse/	CTCF	Ctcf	Mus musculus strain B6NCrl lung tissue embryo (14.5 days)	lung	SCREEN-mm10:C57BL/6_lung_embryo_14.5_days,FactorBook:ENCSR677SIH,GEO:GSE91979	Chip-Seq on CTCF-mouse	Richard Myers, HAIB	ENCODE	released	/files/ENCFF524BAT/,/files/ENCFF472KEL/,/files/ENCFF778JBR/,/files/ENCFF287DOM/,/files/ENCFF365BOP/,/files/ENCFF756OXH/,/files/ENCFF831IXD/,/files/ENCFF558ZIE/,/files/ENCFF488FBG/,/files/ENCFF973SQV/,/files/ENCFF883WKI/,/files/ENCFF872SBD/,/files/ENCFF970DRN/,/files/ENCFF160VYC/,/files/ENCFF090OZS/,/files/ENCFF604FDV/,/files/ENCFF126UDE/,/files/ENCFF398YKS/,/files/ENCFF693XGU/,/files/ENCFF571UHJ/,/files/ENCFF518PVA/,/files/ENCFF176KNA/,/files/ENCFF452VPT/,/files/ENCFF179TEC/,/files/ENCFF161NMS/,/files/ENCFF095TOF/,/files/ENCFF890HAR/,/files/ENCFF482ZII/,/files/ENCFF040OPZ/,/files/ENCFF618DXI/,/files/ENCFF917TNQ/,/files/ENCFF463PEK/,/files/ENCFF522LYL/,/files/ENCFF542EGR/,/files/ENCFF560JWX/,/files/ENCFF355LDM/,/files/ENCFF890NMA/,/files/ENCFF165LXO/,/files/ENCFF416HZL/,/files/ENCFF851EKP/,/files/ENCFF336ZTC/,/files/ENCFF895QIK/,/files/ENCFF464OGR/,/files/ENCFF307UDR/,/files/ENCFF082QLZ/,/files/ENCFF364NXH/	/reference-epigenomes/ENCSR944NEQ/,/organism-development-series/ENCSR520VFP/	ENCBS999OEH	1,2	1	ENCAB247TYO	Mus musculus	embryonic	14.5 days												/replicates/0e540924-ba81-4a0c-86d6-723b43068104/,/replicates/2d5a4a33-e42b-4857-ae74-51e00dc9b5e6/				
/experiments/ENCSR397RHW/	ENCSR397RHW	ChIP-seq	TF ChIP-seq	tissue	/targets/CTCF-mouse/	CTCF	Ctcf	Mus musculus strain B6NCrl liver tissue embryo (14.5 days)	liver	SCREEN-mm10:C57BL/6_liver_embryo_14.5_days,FactorBook:ENCSR397RHW,GEO:GSE91731	Chip-Seq on CTCF-mouse	Richard Myers, HAIB	ENCODE	released	/files/ENCFF096EGJ/,/files/ENCFF803MRJ/,/files/ENCFF605FQF/,/files/ENCFF579VFN/,/files/ENCFF583RFB/,/files/ENCFF179ZVP/,/files/ENCFF253JGJ/,/files/ENCFF135YTD/,/files/ENCFF298WML/,/files/ENCFF676SED/,/files/ENCFF844ZSH/,/files/ENCFF488MHC/,/files/ENCFF455ESQ/,/files/ENCFF587JOJ/,/files/ENCFF156AIW/,/files/ENCFF691ULU/,/files/ENCFF689ZFH/,/files/ENCFF191NHQ/,/files/ENCFF900YUX/,/files/ENCFF449LBJ/,/files/ENCFF190CMG/,/files/ENCFF317UVR/,/files/ENCFF632FCA/,/files/ENCFF332QLW/,/files/ENCFF735TCQ/,/files/ENCFF368MGB/,/files/ENCFF440ATU/,/files/ENCFF713JNS/,/files/ENCFF741NZU/,/files/ENCFF016DDO/,/files/ENCFF928UHY/,/files/ENCFF862CCS/,/files/ENCFF334RNQ/,/files/ENCFF092UFE/,/files/ENCFF717MLX/,/files/ENCFF233QSB/,/files/ENCFF889DRM/,/files/ENCFF165STH/,/files/ENCFF100KGK/,/files/ENCFF744XKD/,/files/ENCFF911RBA/,/files/ENCFF136ZDK/,/files/ENCFF256CAG/,/files/ENCFF123IQA/,/files/ENCFF715EQR/,/files/ENCFF210PMR/	/reference-epigenomes/ENCSR248SXA/,/organism-development-series/ENCSR260JFM/	ENCBS464EKT	1,2	1	ENCAB247TYO	Mus musculus	embryonic	14.5 days												/replicates/20a7348f-ebda-4acc-aec8-8d2a81a1e909/,/replicates/4c226c11-2db8-42e3-85a2-9442079b3887/				
/experiments/ENCSR143WOK/	ENCSR143WOK	ChIP-seq	TF ChIP-seq	tissue	/targets/CTCF-mouse/	CTCF	Ctcf	Mus musculus strain B6NCrl kidney tissue postnatal (0 days)	kidney	FactorBook:ENCSR143WOK,GEO:GSE91529,SCREEN-mm10:C57BL/6_kidney_postnatal_0_days	Chip-Seq on CTCF-mouse	Richard Myers, HAIB	ENCODE	released	/files/ENCFF390DAS/,/files/ENCFF837KZY/,/files/ENCFF867KTT/,/files/ENCFF698YTR/,/files/ENCFF832VRW/,/files/ENCFF177LTM/,/files/ENCFF274DSD/,/files/ENCFF770LLV/,/files/ENCFF754WLB/,/files/ENCFF167SIP/,/files/ENCFF634TIB/,/files/ENCFF962AJT/,/files/ENCFF024JOZ/,/files/ENCFF547BDK/,/files/ENCFF195OJA/,/files/ENCFF270JZZ/,/files/ENCFF146SNM/,/files/ENCFF538PLQ/,/files/ENCFF669IDD/,/files/ENCFF758LAP/,/files/ENCFF568EDT/,/files/ENCFF193CUU/,/files/ENCFF349HWD/,/files/ENCFF408VND/,/files/ENCFF739KHJ/,/files/ENCFF526QWN/,/files/ENCFF114ZDH/,/files/ENCFF875IOM/,/files/ENCFF784YSO/,/files/ENCFF083ZQN/,/files/ENCFF381LLL/,/files/ENCFF694LLR/,/files/ENCFF834LET/,/files/ENCFF354XFA/,/files/ENCFF187ZKI/,/files/ENCFF366UTX/,/files/ENCFF438SDO/,/files/ENCFF816KAQ/,/files/ENCFF119FUO/,/files/ENCFF428FRZ/,/files/ENCFF026PSM/,/files/ENCFF773HYS/,/files/ENCFF644MRR/,/files/ENCFF003ZKT/,/files/ENCFF113TDC/,/files/ENCFF105PYA/	/reference-epigenomes/ENCSR767BSH/,/organism-development-series/ENCSR733EPE/	ENCBS591PKP	1,2	1	ENCAB247TYO	Mus musculus	postnatal	0 days												/replicates/59035b02-a57e-4d4b-ade8-b0dc88d2f858/,/replicates/159c2f72-2df5-48f6-b5ed-47a4c06348ad/				
/experiments/ENCSR343RJH/	ENCSR343RJH	ChIP-seq	TF ChIP-seq	tissue	/targets/CTCF-human/	CTCF	CTCF	Homo sapiens spleen tissue male adult (37 years)	spleen	FactorBook:ENCSR343RJH,GEO:GSE139743		Bradley Bernstein, Broad	ENCODE	released	/files/ENCFF198ZKI/,/files/ENCFF996LYV/,/files/ENCFF480HXY/,/files/ENCFF478GNC/,/files/ENCFF430FEU/,/files/ENCFF244LFM/,/files/ENCFF101GWV/,/files/ENCFF231XCP/,/files/ENCFF471TCX/,/files/ENCFF373PWX/,/files/ENCFF520HPZ/,/files/ENCFF652BKB/,/files/ENCFF925GRX/,/files/ENCFF612JME/,/files/ENCFF415MHW/,/files/ENCFF993OWI/,/files/ENCFF273UQN/,/files/ENCFF671CYT/,/files/ENCFF686RFV/,/files/ENCFF352XNW/,/files/ENCFF341FEE/,/files/ENCFF045IMM/,/files/ENCFF066FXS/,/files/ENCFF230TYN/,/files/ENCFF907YPT/,/files/ENCFF732USF/,/files/ENCFF686LFV/,/files/ENCFF980XBB/,/files/ENCFF507DQN/,/files/ENCFF286MVJ/,/files/ENCFF447YZD/,/files/ENCFF790TTQ/,/files/ENCFF373LXJ/,/files/ENCFF565WPN/,/files/ENCFF466CIQ/,/files/ENCFF515WMX/,/files/ENCFF995FBE/,/files/ENCFF926CIY/,/files/ENCFF597UAN/,/files/ENCFF647TUX/,/files/ENCFF597WAE/,/files/ENCFF113SRQ/,/files/ENCFF052GZG/,/files/ENCFF856RST/,/files/ENCFF012NWA/,/files/ENCFF536URJ/,/files/ENCFF311PMB/,/files/ENCFF252GVI/,/files/ENCFF691NRY/,/files/ENCFF638GJP/,/files/ENCFF774UQH/,/files/ENCFF119UDW/,/files/ENCFF609BYB/,/files/ENCFF303QQE/,/files/ENCFF822TXU/,/files/ENCFF443VSY/,/files/ENCFF044XZU/,/files/ENCFF509AWS/,/files/ENCFF460UPQ/,/files/ENCFF185FGX/,/files/ENCFF876JNM/,/files/ENCFF046KBR/,/files/ENCFF369KXU/,/files/ENCFF688NHG/,/files/ENCFF433UBP/,/files/ENCFF135QJO/,/files/ENCFF572HHF/,/files/ENCFF266WST/,/files/ENCFF243AIM/,/files/ENCFF478AQS/,/files/ENCFF506KFX/,/files/ENCFF146PRC/,/files/ENCFF035HRF/,/files/ENCFF168NJX/	/reference-epigenomes/ENCSR211RGU/	ENCBS511RRL,ENCBS486GAC	2,1	2,1	ENCAB719MQZ	Homo sapiens	adult	37 years												/replicates/ef7d7f28-a673-46c7-afea-472e3a2d0dd8/,/replicates/7c98115f-c41f-4636-8842-d5f833aa3c04/,/replicates/a312c8e6-98c2-4206-9d88-0049b41232ee/,/replicates/e35818ff-3a58-40dd-b9c9-7d0679c31311/				
/experiments/ENCSR595BPR/	ENCSR595BPR	ChIP-seq	TF ChIP-seq	tissue	/targets/CTCF-human/	CTCF	CTCF	Homo sapiens spleen tissue female adult (51 years)	spleen	GEO:GSE143021,FactorBook:ENCSR595BPR		Bradley Bernstein, Broad	ENCODE	released	/files/ENCFF270KES/,/files/ENCFF728XHC/,/files/ENCFF142ZKQ/,/files/ENCFF438BDS/,/files/ENCFF084XTB/,/files/ENCFF600YNH/,/files/ENCFF272XPW/,/files/ENCFF855IEX/,/files/ENCFF451SFM/,/files/ENCFF503FQQ/,/files/ENCFF291HME/,/files/ENCFF264RSU/,/files/ENCFF086HTN/,/files/ENCFF479AKH/,/files/ENCFF577BKK/,/files/ENCFF062OPB/,/files/ENCFF089PDM/,/files/ENCFF869FUF/,/files/ENCFF098OSY/,/files/ENCFF230WDC/,/files/ENCFF663WXU/,/files/ENCFF553XWK/,/files/ENCFF669AFC/,/files/ENCFF089RJI/,/files/ENCFF053GAI/,/files/ENCFF121YSO/,/files/ENCFF948BFT/,/files/ENCFF559CAG/,/files/ENCFF199GME/,/files/ENCFF309HWC/,/files/ENCFF604HAJ/,/files/ENCFF182NWN/,/files/ENCFF648CAQ/,/files/ENCFF561WUD/,/files/ENCFF332PPY/,/files/ENCFF169LZW/,/files/ENCFF436LAA/,/files/ENCFF241CES/,/files/ENCFF471XXE/,/files/ENCFF545NGY/,/files/ENCFF432PDJ/,/files/ENCFF421ENV/,/files/ENCFF145VKQ/,/files/ENCFF122ETI/,/files/ENCFF864IMZ/,/files/ENCFF434HDF/,/files/ENCFF066PWZ/,/files/ENCFF149KDA/,/files/ENCFF382RLD/,/files/ENCFF565CDR/,/files/ENCFF162ODG/,/files/ENCFF656OCH/,/files/ENCFF981HPG/,/files/ENCFF175ZHF/,/files/ENCFF678TXH/,/files/ENCFF494NOX/,/files/ENCFF050WTT/,/files/ENCFF227LTE/,/files/ENCFF455DJE/,/files/ENCFF363LVR/,/files/ENCFF727MDC/,/files/ENCFF495QSB/,/files/ENCFF467YQY/,/files/ENCFF577RSR/,/files/ENCFF885VAZ/,/files/ENCFF362NAY/,/files/ENCFF614TAT/,/files/ENCFF735QIA/,/files/ENCFF128QBE/,/files/ENCFF954DQD/,/files/ENCFF648QNP/,/files/ENCFF191SDY/,/files/ENCFF689QIK/,/files/ENCFF480HYZ/,/files/ENCFF281BDN/,/files/ENCFF885XTB/,/files/ENCFF263IRT/,/files/ENCFF978ZGD/	/reference-epigenomes/ENCSR592QDE/	ENCBS363GBQ,ENCBS892ESJ	1,2	1,2	ENCAB000AXX,ENCAB719MQZ	Homo sapiens	adult	51 years												/replicates/627953b8-685b-4c75-a71a-86f118f50d1f/,/replicates/beaef1e6-11da-4af3-ae15-817763bc0cea/,/replicates/79efd0f9-5264-4181-b0f0-d74442687ef1/,/replicates/7f477565-cb13-4431-8d2a-e6efdbe93d1a/				
/experiments/ENCSR185CCV/	ENCSR185CCV	ChIP-seq	TF ChIP-seq	tissue	/targets/CTCF-human/	CTCF	CTCF	Homo sapiens stomach tissue female adult (53 years)	stomach	FactorBook:ENCSR185CCV,GEO:GSE142922		Bradley Bernstein, Broad	ENCODE	released	/files/ENCFF938RKE/,/files/ENCFF574BUD/,/files/ENCFF510IXZ/,/files/ENCFF896WWF/,/files/ENCFF584NMS/,/files/ENCFF141DTY/,/files/ENCFF624MOB/,/files/ENCFF094QGL/,/files/ENCFF775UNN/,/files/ENCFF434BNL/,/files/ENCFF242FSH/,/files/ENCFF298LBC/,/files/ENCFF158RRC/,/files/ENCFF460FTO/,/files/ENCFF876BOH/,/files/ENCFF639MNI/,/files/ENCFF946TWM/,/files/ENCFF625CSU/,/files/ENCFF720VFD/,/files/ENCFF488UPD/,/files/ENCFF817QJC/,/files/ENCFF287AQX/,/files/ENCFF644ULT/,/files/ENCFF900APQ/,/files/ENCFF807KJZ/,/files/ENCFF983LJT/,/files/ENCFF918GTC/	/reference-epigenomes/ENCSR949WGV/	ENCBS642ZQR	1	2,1	ENCAB719MQZ,ENCAB000AXX	Homo sapiens	adult	53 years												/replicates/b64222da-0774-48eb-921c-a25808560fec/,/replicates/961366fb-c714-4936-a8e4-639feaf6fee4/				
/experiments/ENCSR618QYE/	ENCSR618QYE	ChIP-seq	TF ChIP-seq	tissue	/targets/CTCF-human/	CTCF	CTCF	Homo sapiens stomach tissue male adult (37 years)	stomach	SCREEN-GRCh38:stomach_male_adult_37_years,GEO:GSE105507,FactorBook:ENCSR618QYE	CTCF ChIP-seq on human stomach	Michael Snyder, Stanford	ENCODE	released	/files/ENCFF501ZUQ/,/files/ENCFF865CRA/,/files/ENCFF783HNP/,/files/ENCFF308BIP/,/files/ENCFF852RUX/,/files/ENCFF909IAW/,/files/ENCFF703CWY/,/files/ENCFF894KER/,/files/ENCFF862XUL/,/files/ENCFF105SWG/,/files/ENCFF092GNG/,/files/ENCFF390ELR/,/files/ENCFF667NSA/,/files/ENCFF384ZDT/,/files/ENCFF293VSF/,/files/ENCFF882LTN/,/files/ENCFF481CNC/,/files/ENCFF119YXI/,/files/ENCFF961LZI/,/files/ENCFF533OIH/,/files/ENCFF041WNW/,/files/ENCFF651ZQK/,/files/ENCFF063PEH/,/files/ENCFF324HRF/,/files/ENCFF875MYS/	/reference-epigenomes/ENCSR840QYF/	ENCBS962HLD	1	1	ENCAB830JLB	Homo sapiens	adult	37 years												/replicates/43447625-6aaa-47de-8a74-ecf5dd304525/				
